{
  "hash": "58757481",
  "configHash": "2fdea730",
  "lockfileHash": "0fe4969a",
  "browserHash": "818f2a11",
  "optimized": {
    "@angular/common": {
      "src": "../../../../../node_modules/@angular/common/fesm2022/common.mjs",
      "file": "@angular_common.js",
      "fileHash": "3cc558d1",
      "needsInterop": false
    },
    "@angular/core": {
      "src": "../../../../../node_modules/@angular/core/fesm2022/core.mjs",
      "file": "@angular_core.js",
      "fileHash": "c2b66fc0",
      "needsInterop": false
    },
    "@angular/platform-browser": {
      "src": "../../../../../node_modules/@angular/platform-browser/fesm2022/platform-browser.mjs",
      "file": "@angular_platform-browser.js",
      "fileHash": "e0e3b043",
      "needsInterop": false
    },
    "@angular/router": {
      "src": "../../../../../node_modules/@angular/router/fesm2022/router.mjs",
      "file": "@angular_router.js",
      "fileHash": "0b6fff4b",
      "needsInterop": false
    }
  },
  "chunks": {
    "chunk-R6HCKUQR": {
      "file": "chunk-R6HCKUQR.js"
    },
    "chunk-DUZIHFAN": {
      "file": "chunk-DUZIHFAN.js"
    },
    "chunk-XZJLRREG": {
      "file": "chunk-XZJLRREG.js"
    }
  }
}